codigo_cliente,sexo_cliente,intervalo_medio
3119,M,37
6957,F,14
12997,F,96
3316,M,274
4291,F,32
566,F,61
5390,F,60
2724,F,59
1188,F,50
8057,M,55
326,F,72
410,M,215
6209,F,2
523,F,54
1780,M,3
3543,F,131
16,M,90
4799,F,19
6760,F,6
6958,M,57
2204,F,95
3347,M,71
6126,F,242
10205,F,112
440,F,96
524,M,18
1499,F,49
2485,M,177
3460,F,23
3544,M,91
21423,F,90
2755,F,46
6013,M,152
15384,M,90
17261,F,105
20281,F,222
2599,M,100
751,F,72
2910,M,40
6634,F,48
7693,F,161
6127,M,51
10910,F,13
2736,F,103
4894,F,13
23759,F,39
110,F,85
1063,M,39
1169,F,5
5887,M,27
1260,M,19
1366,F,28
2425,F,163
3327,F,76
7249,F,91
732,F,98
866,M,17
3047,F,27
5099,M,83
12147,F,104
4394,M,68
8422,F,112
4925,F,63
12769,F,52
2102,F,294
1240,F,118
17242,F,212
429,M,30
535,F,23
2496,F,339
14576,F,13
8741,M,163
22845,F,78
2216,F,124
6138,F,37
13080,F,157
452,F,41
2307,M,112
6335,F,27
23396,F,19
1829,F,116
65,F,134
2026,F,135
4071,M,108
6934,M,19
10224,F,42
5440,F,91
1943,F,40
3904,F,307
12807,F,222
106,M,39
11043,F,130
376,F,106
18182,F,46
573,F,115
1673,M,108
5397,F,304
14614,F,190
23,M,11
2959,F,83
25001,F,27
136,F,25
220,M,82
1279,M,76
7162,M,95
490,F,29
531,M,32
2451,F,14
7473,M,84
4766,F,97
53,F,156
137,M,107
1112,F,47
3073,F,59
10099,M,51
12060,M,74
16957,F,40
250,F,76
334,M,99
3270,F,17
7192,F,65
7276,M,78
15350,F,55
20174,F,84
1506,F,127
3624,F,147
10409,F,68
2762,F,35
6684,F,78
1310,M,60
2432,F,83
3271,M,35
7256,F,85
10433,F,102
23415,F,6
1924,F,46
2826,F,271
6748,F,75
9662,M,9
3180,F,19
6945,F,220
16056,M,81
4507,F,157
14469,F,2
1621,M,26
4641,M,1
4704,F,12
979,F,30
3999,F,36
6756,M,83
1176,F,44
2660,F,142
896,F,30
2857,F,129
3696,M,113
3916,F,27
7681,F,39
34,F,125
1093,F,31
1995,F,128
3054,F,43
125,M,154
1290,F,4
2774,F,22
1692,M,23
4030,F,72
2109,F,73
3168,F,45
8149,F,76
11169,F,257
345,F,36
3259,M,257
8346,F,37
466,F,15
9610,M,83
2781,F,299
3924,M,225
4742,F,13
10709,M,37
1017,F,71
5841,F,151
3373,M,154
10315,M,0
580,F,30
3600,F,11
3881,M,221
8778,F,46
13916,F,49
3092,F,263
8073,F,27
18937,F,276
269,F,54
2387,F,42
4348,F,116
8270,F,12
778,M,109
2812,F,63
8695,F,278
891,F,136
975,M,20
3995,M,66
8892,F,14
17795,F,1
186,F,24
2345,M,76
7128,F,50
2542,M,214
7325,F,78
30,M,79
300,F,152
4420,M,295
13282,F,54
497,F,42
2656,M,39
167,F,64
1006,M,38
7109,F,166
364,F,18
7306,F,48
561,F,11
3581,F,218
2876,F,156
3081,M,110
7003,M,205
7223,F,67
2439,F,59
3498,F,108
4337,M,55
7420,F,131
1628,M,51
2687,M,23
3589,M,54
1931,F,32
6806,M,35
8873,F,103
11893,F,93
10357,F,254
3612,F,21
5416,F,62
1848,F,8
2801,M,32
8790,F,19
15889,F,80
4431,F,39
1608,F,38
6589,F,214
7648,F,91
10668,F,64
22591,F,14
2758,M,36
8904,F,213
10865,F,31
3218,F,30
4120,F,94
8042,F,3
12015,M,88
319,F,51
7261,F,30
1575,F,107
24519,F,36
6794,M,260
910,F,297
1108,M,57
3226,M,175
5187,M,25
6950,F,32
433,F,120
1335,F,67
5341,M,106
12356,F,103
1689,F,102
3734,M,11
827,F,166
163,M,54
1024,F,75
7105,M,30
9025,F,214
1449,F,33
1533,M,155
2508,F,35
8475,M,15
12470,F,33
24393,F,34
828,M,33
3848,M,18
2902,F,142
277,M,59
1647,M,60
3608,M,246
7446,F,143
11525,F,29
1252,F,84
9253,F,35
14234,F,188
1981,F,259
2883,F,0
5238,F,44
3631,F,24
4690,F,36
5435,F,12
11632,F,125
6214,F,30
7116,F,139
2489,F,59
4344,M,70
13510,F,204
2686,F,39
4804,F,162
3950,M,81
288,F,54
2406,F,168
4367,F,107
485,F,175
536,M,65
6525,F,29
733,M,32
839,F,18
2800,F,16
6722,F,124
2166,F,76
5868,M,33
1461,F,249
6482,F,116
23543,F,58
18759,F,48
917,F,109
4923,M,37
9075,F,37
55,F,258
1114,F,117
8370,F,111
8454,M,286
25932,F,16
2370,F,90
4529,M,16
2567,F,74
8764,F,53
24877,F,33
3189,F,11
6366,F,45
366,F,114
1623,M,40
5859,M,67
7622,F,131
1820,M,14
4642,F,37
2131,M,26
5067,F,125
8244,F,271
11264,F,69
367,M,115
2328,M,49
21463,F,145
1736,F,33
4756,F,196
1102,F,103
1186,M,43
6397,F,199
7383,M,200
1456,F,26
4476,F,8
9698,M,177
2712,F,111
14949,F,44
20716,M,91
7186,M,54
9106,F,55
23933,M,84
5756,F,72
815,F,57
150,F,30
13446,F,46
3375,M,36
7831,F,76
4631,M,49
6906,M,276
10146,F,26
17873,F,20
3284,F,64
6461,F,12
689,F,78
4965,F,324
8142,F,322
181,F,43
8339,F,25
15438,F,33
3292,M,284
11607,M,60
803,F,101
8961,F,151
2898,M,50
4859,M,102
8256,F,21
9315,F,30
5433,F,137
12532,F,75
1445,M,76
4571,F,292
6583,M,64
7748,F,0
1672,F,50
810,F,44
3830,F,216
6105,F,168
2264,M,33
3125,F,71
15362,F,75
2263,F,54
3520,M,104
4579,M,162
5597,F,108
811,M,86
1786,F,141
2575,M,87
5554,F,79
841,F,58
2999,F,102
14334,F,109
333,F,137
3394,M,35
5471,F,99
9550,F,290
3748,M,44
12767,F,9
1857,F,35
2916,F,124
8211,F,68
1152,F,35
4172,F,352
5388,F,5
10369,F,113
14448,F,176
1349,F,234
4567,M,9
2605,F,62
5782,F,193
6841,F,1
11822,F,74
13940,F,31
314,F,94
4236,F,219
3531,F,44
4590,F,271
2669,F,0
4787,F,105
7858,M,84
10878,M,156
15154,M,240
4130,M,197
4547,F,159
19490,F,76
822,F,46
8078,F,111
913,M,73
385,F,321
1224,M,111
7641,F,8
1421,M,74
2700,F,32
3759,F,42
5015,F,150
1133,F,63
4153,F,149
6322,M,42
14429,F,248
7535,M,32
1535,M,59
1755,F,80
2905,M,92
3011,F,47
188,F,49
4161,M,9
5377,M,61
309,F,120
393,M,31
2427,F,51
2511,M,172
7565,F,124
14664,F,159
663,F,80
747,M,147
1649,M,320
5801,F,122
6860,F,248
860,F,38
10077,F,65
5293,F,75
7254,F,106
423,F,54
4699,F,37
3994,F,61
10191,F,3
6309,F,0
8625,M,62
13606,M,75
22154,F,161
1596,F,41
1680,M,19
5832,F,19
9754,F,19
10897,M,255
12931,F,353
18500,F,23
3911,F,141
7990,F,0
1990,F,69
3049,F,40
2344,F,19
3246,F,70
651,F,62
2612,F,68
7045,F,168
2104,F,82
1440,M,30
2301,F,210
3558,M,112
23284,F,22
1908,M,204
3030,F,26
4089,F,79
24915,F,2
207,F,37
1266,F,42
3227,F,73
6404,F,44
7660,F,288
10680,F,101
8916,F,76
3144,F,281
1160,M,93
26041,F,12
4597,F,27
7774,F,71
10089,F,32
18,M,31
238,F,92
4160,F,248
9235,M,235
14436,F,121
25143,F,39
1274,M,83
2396,F,110
6632,F,96
2644,M,79
13928,F,71
3849,F,193
6124,F,36
12164,F,49
2313,F,3
4211,M,56
6549,F,22
4628,F,68
7805,F,240
746,F,137
1805,F,13
2707,F,80
4719,M,11
23690,F,16
41,F,139
3857,M,55
12172,M,88
162,F,59
2207,M,133
4168,M,39
8320,F,174
20988,F,71
2320,F,39
3379,F,199
10832,F,235
2871,F,175
5030,M,113
8009,F,273
13147,F,30
2321,M,35
7532,F,354
8434,F,117
12513,F,0
1459,M,122
1532,F,281
5611,F,43
6670,F,120
7729,F,51
23417,F,7
670,F,294
10085,M,118
867,F,21
1065,M,9
3887,F,96
1292,F,23
7489,F,84
14588,F,124
587,F,32
1489,F,153
5725,F,106
7770,M,153
2745,F,280
5922,F,45
12119,F,37
981,F,54
3099,F,49
10198,F,175
17885,F,62
2465,F,14
6701,F,14
9721,F,84
1603,F,45
1687,M,99
3721,F,31
4707,M,72
8859,F,75
37,M,166
2859,F,34
1293,M,44
2726,F,83
5840,M,42
9080,F,47
3982,F,132
257,F,22
5132,M,22
5395,F,29
6454,F,63
17055,M,15
1513,F,63
24457,F,25
3679,M,291
6017,F,24
14175,F,123
15234,F,121
16136,F,67
17,F,29
1915,M,26
8332,F,9
4293,F,39
8529,F,70
16687,F,129
1521,M,164
7190,F,144
1190,F,48
6265,M,97
328,F,314
4301,M,161
1584,F,95
3702,F,60
7781,F,229
14880,F,65
2009,F,56
3068,F,36
3907,M,105
6245,F,51
20874,F,33
1304,F,87
3045,M,12
5320,M,236
1395,M,73
2454,M,101
8757,F,23
21425,F,146
5934,F,19
7789,M,81
2721,F,208
5668,M,158
7702,F,0
1041,M,60
5036,F,28
15900,F,128
4174,F,56
8096,F,294
15195,F,53
2410,F,51
3469,F,45
3667,M,78
7391,F,0
874,F,66
2919,M,60
3894,F,39
1155,M,89
1466,M,259
6249,F,119
1465,F,42
1663,M,43
3583,F,43
1974,M,45
5812,F,104
7773,F,24
210,M,8
323,F,107
2441,F,73
14364,F,28
6560,F,295
6601,M,78
9580,F,57
12600,F,165
43,F,178
127,M,200
8946,F,91
1299,F,16
3344,M,12
4403,M,244
6320,F,80
16439,F,29
20989,F,42
634,F,27
1693,F,71
2752,F,21
9694,F,97
9735,M,140
11655,F,358
23345,M,65
24206,F,39
1363,F,133
3261,M,96
4383,F,40
14345,F,116
658,F,65
3678,F,111
4580,F,19
5482,F,77
855,F,92
7797,F,101
3013,F,32
24624,F,44
2316,M,6
4497,F,76
1454,M,107
9455,M,24
107,F,299
7049,F,57
8108,F,149
12030,F,134
4611,F,281
5513,F,101
729,F,152
1568,M,147
1788,F,35
2847,F,67
9789,F,56
7868,F,87
25557,F,7
115,M,51
221,F,135
1280,F,252
2076,M,22
2182,F,157
3241,F,141
3446,M,87
4505,M,25
8427,M,88
19434,F,133
138,F,101
2099,F,69
6021,F,88
10896,M,49
1288,M,94
9238,F,53
10297,F,28
12258,F,18
540,M,61
4619,M,57
8457,F,69
18185,F,47
25284,F,2
3166,M,105
145,F,53
3165,F,154
10305,M,285
570,F,31
1713,M,26
3590,F,195
22378,F,55
23280,F,12
2023,F,331
5043,F,33
5945,F,58
1359,M,53
23831,F,69
2645,F,22
6651,M,49
11705,F,51
13666,F,31
881,F,101
1940,F,40
4960,F,111
5862,F,48
15006,M,58
15981,F,4
1078,F,87
571,M,178
2532,M,313
5197,F,46
1700,F,75
20,M,141
4015,F,52
5819,F,112
12016,F,23
13977,F,163
331,M,2
23705,F,17
6568,M,75
7470,M,179
996,M,70
4079,F,119
7099,F,108
3374,F,165
551,F,45
4630,F,95
13533,F,134
12828,F,141
15848,F,80
3291,F,140
5032,M,14
16273,F,105
2209,M,143
1921,F,5
5406,F,192
1838,F,167
3799,F,66
12702,F,230
3996,F,47
5851,M,4
11891,M,25
2460,F,48
9402,F,154
1378,M,143
4618,F,81
1795,F,54
31,F,0
1090,F,182
3051,F,139
5914,F,30
9887,M,101
1211,F,36
11173,F,52
506,F,282
3526,F,155
5414,M,158
6389,F,196
9409,F,46
10468,F,0
39,M,15
900,F,129
1098,M,48
1959,F,330
13882,F,108
17373,F,0
547,M,197
2581,F,96
2665,M,37
4626,M,33
1015,M,8
3837,F,95
22271,F,55
23330,F,12
8154,M,152
17685,M,0
380,F,27
1439,F,82
4459,F,278
4543,M,57
6347,M,196
931,F,34
1128,F,272
1326,M,35
5952,F,139
10031,F,24
12771,F,30
18223,F,237
1045,F,197
4106,M,13
183,F,41
6066,F,45
912,F,227
1751,M,50
2653,M,192
4834,F,135
11776,F,37
889,M,2
3070,F,53
6992,F,80
8051,F,117
10209,F,107
20693,M,241
601,F,5
20996,F,97
24016,F,48
5850,F,8
23539,F,74
2125,F,40
1420,F,53
3275,M,38
10217,M,197
13343,F,246
23827,M,85
1511,M,18
81,F,205
3940,M,76
7023,F,128
20633,F,108
6161,F,86
16751,F,14
2487,M,120
6252,M,183
19968,F,9
21224,F,100
4956,M,43
8039,F,112
10157,F,40
392,F,31
589,F,36
10551,F,110
12406,M,27
6669,F,89
7728,F,55
4084,F,8
1261,F,42
13184,F,86
7538,F,23
119,F,170
3223,M,2
5100,F,7
400,M,48
1375,F,283
13298,F,289
1572,F,33
7653,M,67
11534,F,260
13495,F,12
21065,F,63
6593,F,27
2194,F,174
3337,M,42
514,M,23
2475,M,137
12353,F,240
17962,F,55
5451,F,50
21179,F,81
1883,F,35
4903,F,38
6707,F,41
12945,M,46
3367,F,43
4269,F,202
6230,F,11
23762,F,1
544,F,39
2505,F,59
2589,M,85
5368,F,42
5452,M,97
8388,F,15
10506,F,92
17919,F,12
26348,M,65
11605,F,260
77,M,3
3958,F,82
5017,F,39
6821,F,39
20431,F,269
8389,M,58
14649,F,29
1644,M,132
8806,F,64
1002,F,8
3014,M,72
297,F,38
4270,M,16
8192,M,105
26017,F,65
5483,M,41
6605,F,3
2880,F,136
13901,F,288
411,F,47
3431,F,24
16884,F,110
3856,F,28
1033,F,35
5112,F,6
17703,F,124
2380,M,62
4447,F,16
6408,F,62
5774,F,28
19384,F,51
2206,F,24
2888,M,74
4167,F,37
8928,M,56
8991,F,8
179,M,65
1344,F,61
2403,F,27
9239,M,222
3659,F,43
5463,F,90
603,F,59
4682,F,174
800,F,187
2056,F,144
3156,M,14
2253,F,143
15549,F,95
24766,F,85
5855,F,302
5939,M,69
11077,M,31
914,F,48
2875,F,35
23427,F,56
1111,F,16
8367,F,20
11387,F,30
12446,F,230
3426,F,31
3467,M,217
15113,M,12
5264,F,12
1225,F,45
10442,F,74
520,F,99
20013,F,111
6083,F,2
1142,F,74
2128,M,26
3103,F,98
2398,F,340
3497,F,122
4556,F,44
6831,F,13
12010,M,190
12871,F,282
21029,F,145
5442,F,154
7403,F,88
501,F,41
2242,M,262
6698,F,61
592,M,78
2659,F,7
5927,M,32
9053,F,25
12124,M,132
21447,F,85
3281,F,93
2576,F,75
9832,F,20
17990,F,61
2773,F,83
4029,F,0
2273,M,160
572,F,29
5958,M,238
6064,F,190
3084,F,160
5253,M,70
1328,M,31
1548,F,20
6466,M,278
2895,M,154
3903,F,41
5594,F,189
7555,F,42
18890,F,185
5791,F,267
6850,F,44
8811,F,49
11831,F,22
2374,F,40
11748,F,170
4773,M,24
5905,F,97
2064,M,55
102,F,88
2261,M,225
4181,F,8
6299,F,9
4606,F,135
724,F,34
1783,F,61
4803,F,46
14020,F,30
22335,F,65
1119,M,27
216,F,91
414,M,26
1275,F,90
3236,F,192
6413,F,64
10492,F,273
15473,F,108
5779,F,217
14839,F,138
2799,F,51
4055,F,20
3350,F,21
23902,F,22
3859,M,21
6197,F,21
14198,F,52
10670,F,45
591,F,41
4564,M,13
114,F,248
1150,M,78
11489,F,223
3422,M,77
10784,F,89
24080,F,62
2823,F,26
6902,F,66
24277,F,13
5366,F,52
15265,M,69
3225,M,53
5343,M,54
516,M,262
9733,M,14
713,M,64
819,F,52
6008,M,56
7016,F,49
2083,M,192
3142,M,39
7441,F,105
1221,M,2
2280,M,41
3559,F,69
4241,M,114
5677,F,23
21993,F,273
1054,F,121
3172,F,57
7251,F,56
349,F,8
3453,M,47
4271,F,46
8507,F,17
17808,M,115
1802,F,26
7999,F,48
5488,M,22
9410,M,112
390,M,80
2819,M,136
5798,F,80
17133,F,62
1916,F,153
3877,F,246
23370,F,35
223,F,33
2341,F,43
3243,F,37
1479,F,197
3524,M,47
5715,F,243
24346,F,38
3991,F,54
5050,F,72
5207,F,116
5248,M,103
6109,F,30
2455,F,23
4416,F,4
12574,F,73
1593,F,127
2652,F,23
4613,F,10
8849,F,45
25165,F,27
888,F,17
1790,F,57
6223,F,62
4614,M,106
5893,F,250
1149,F,159
2208,F,46
18681,F,41
444,F,165
4728,M,0
15067,F,12
7,F,65
1066,F,62
1905,M,93
3866,M,42
4086,F,73
5984,M,68
6204,F,84
11342,F,55
1263,F,18
4177,M,74
401,F,97
1354,M,65
2413,M,65
4685,M,66
6121,F,48
7180,F,61
13220,F,157
121,F,54
1180,F,111
3141,F,166
10397,F,71
3232,M,40
17850,F,98
23185,F,10
235,F,31
1491,F,29
1688,F,101
2747,F,28
3649,F,26
7885,F,144
9846,F,121
1809,F,53
45,F,40
1104,F,34
19538,F,0
25578,F,28
1301,F,95
4321,F,50
2557,F,149
3616,F,249
15853,F,16
2982,F,61
7218,F,35
8120,F,121
3263,M,24
5297,F,237
356,F,13
1415,F,61
2515,M,97
3376,F,31
6553,F,47
7809,F,57
11888,F,3
978,F,57
2037,F,10
3096,F,165
5057,F,53
5141,M,50
5298,M,54
17451,F,13
1175,F,41
1259,M,18
470,F,134
1529,F,36
5608,F,51
7726,F,69
1726,F,118
2785,F,2
3687,F,132
3885,M,98
5962,F,201
8982,F,139
10943,F,155
2151,F,20
4112,F,58
387,F,106
4309,F,112
9604,F,316
13683,F,13
1684,M,195
2545,F,29
6979,M,132
3801,F,205
231,M,65
1510,F,345
17983,F,70
1707,F,37
2546,M,55
4727,F,34
20141,F,117
845,F,101
1904,F,218
6034,M,78
8298,F,305
3365,M,97
4424,M,76
11743,F,258
762,F,151
2723,F,107
6057,F,69
25393,F,3
3979,F,169
7156,F,160
254,F,131
679,F,35
2420,M,170
6876,F,42
9896,F,57
1935,F,123
967,M,19
1073,F,22
4093,F,9
368,F,101
1632,M,8
4715,F,47
770,M,51
2951,F,6
14286,F,180
1187,F,5
2246,F,4
3148,F,73
5160,M,105
2443,F,70
5620,F,29
14680,F,229
446,F,77
2491,M,50
3663,F,90
7585,F,78
840,F,39
4058,M,29
5821,F,58
9039,M,153
23982,M,43
1037,F,32
1235,M,64
20059,F,63
22020,F,45
1546,M,22
757,F,195
1816,F,45
1900,M,122
3861,M,83
3072,F,43
3974,F,43
3269,F,43
7191,F,92
2719,M,125
5582,M,84
10636,F,122
1930,F,75
22840,M,45
1068,F,29
2127,F,77
2168,M,56
4088,F,77
19031,F,297
3383,F,53
2749,F,40
4710,F,123
6671,F,12
8632,F,110
4907,F,57
6868,F,26
320,F,51
518,M,107
2636,M,31
3538,M,92
7262,F,140
2108,F,89
5128,F,61
1246,F,23
2305,F,51
13106,M,103
3455,M,24
4514,M,40
2699,F,47
4817,F,333
6515,M,115
9641,F,98
2002,M,167
5924,M,43
12184,F,51
301,F,85
1360,F,199
2199,M,7
3478,F,10
1557,F,40
3675,F,27
4577,F,25
11413,M,4
22540,F,26
7794,F,207
13834,F,73
17756,F,257
5199,F,123
415,F,53
1254,M,15
3435,F,43
7357,F,66
769,F,62
4585,M,61
5593,F,28
24615,F,34
1868,F,81
3986,F,142
5790,F,70
529,F,39
7471,F,54
1785,F,133
2844,F,175
5707,F,186
974,M,115
3041,F,114
4100,F,35
6963,F,156
8924,F,31
339,F,42
23283,F,8
693,F,59
3713,F,42
13675,F,27
1792,F,28
2851,F,54
4969,F,32
4335,F,0
5237,F,23
7395,F,121
1709,F,53
2768,F,73
4449,F,87
7396,M,28
4646,F,29
14608,F,203
2882,F,121
24767,F,10
59,F,65
1159,M,39
2020,F,250
7042,M,82
1470,M,46
3588,M,54
7426,F,8
8328,F,328
22369,F,49
1740,F,50
3037,M,81
4096,M,75
173,F,99
2332,M,170
4252,F,106
6056,F,85
5726,F,263
7687,F,160
9805,F,309
2001,F,71
5021,F,22
11963,F,64
2249,M,47
5218,F,28
8132,M,156
15180,F,225
1387,M,138
4407,M,16
5309,M,260
6317,F,74
17338,F,10
1918,F,21
7801,F,80
11880,F,10
993,M,37
442,M,48
548,F,54
3462,M,33
7490,F,23
3091,F,25
268,F,58
2229,F,122
3288,F,1
2426,F,59
556,M,37
1721,F,48
3576,M,146
13644,F,47
6970,F,126
14069,F,88
1064,M,20
1284,F,41
2540,F,266
6462,F,14
7521,F,58
2737,F,42
4855,F,58
897,F,130
2942,M,37
3917,F,111
192,F,17
3607,M,59
4665,F,13
5567,F,91
10548,F,129
3056,M,239
3326,F,142
7175,M,247
24152,F,7
503,F,44
4623,M,77
14585,M,301
4779,F,43
8701,F,316
18506,F,74
1125,F,20
1209,M,46
2268,M,111
4145,F,239
2381,F,154
3440,F,153
4342,F,201
5244,F,122
8348,M,36
14304,F,0
3637,F,54
9520,F,28
1012,M,33
6417,F,31
7319,F,41
2890,M,30
928,F,44
2028,M,312
5950,M,236
1500,F,51
6481,F,65
14482,F,51
795,F,79
1854,F,63
3595,M,125
2953,F,230
6769,M,14
9895,F,296
8336,M,221
909,F,47
1811,F,96
2650,M,68
47,F,44
9001,M,44
11068,F,129
1197,M,36
2362,F,85
5225,F,48
12324,F,3
2787,F,76
6489,M,53
2984,F,61
2173,M,42
12135,M,103
358,F,14
1417,F,29
5339,F,38
7300,F,180
6603,M,11
7725,F,109
9623,M,31
23727,F,12
2039,F,50
4157,F,115
14119,F,64
275,F,93
4354,F,94
1531,F,99
2711,F,42
9653,F,24
21576,F,5
1849,F,24
5026,F,7
5771,F,54
8086,F,97
282,F,123
3459,F,36
8283,F,186
2909,M,21
3811,M,91
19729,F,2
8905,F,130
9964,F,34
7141,F,139
8200,F,167
9102,F,312
16201,F,14
3416,F,21
20320,F,2
905,M,30
1018,F,111
7058,F,26
3333,F,45
2628,F,11
4589,F,67
1994,F,16
6818,F,77
7877,F,8
230,F,69
4152,F,46
9133,F,30
17331,F,43
2585,F,46
4901,M,44
10256,F,35
2806,F,76
5563,M,132
5669,F,89
26565,F,14
1467,F,30
3428,F,57
9508,F,27
3822,F,75
9862,F,70
1952,M,13
5078,F,101
7941,F,73
10059,F,131
15040,F,86
27778,F,1
3322,M,59
3542,F,39
499,M,45
6382,M,76
12642,F,225
916,F,107
1113,F,66
2377,M,20
2574,M,28
4912,F,207
10575,M,61
11697,F,211
1030,F,23
4050,F,41
6913,F,30
1121,M,158
2286,F,10
6102,M,38
289,F,79
373,M,64
1545,F,101
2447,F,136
3506,F,37
4565,F,168
5781,F,122
8801,F,33
683,F,108
1742,F,48
880,F,79
3196,M,110
4959,F,54
7234,F,85
2364,F,13
21229,F,62
1743,M,34
7856,F,37
23544,F,11
2956,M,13
6092,F,56
6994,F,157
994,F,152
4014,F,61
9931,F,49
911,F,259
7108,F,139
14207,F,5
1306,M,162
2365,M,79
4128,F,92
6444,M,53
9423,F,80
21032,F,97
24052,F,13
558,M,50
7730,F,270
1814,M,94
13065,F,6
2986,F,167
7222,F,130
2479,M,73
10439,F,97
4971,F,123
5967,M,63
10109,F,4
13129,F,227
1089,F,60
2987,M,126
3207,F,21
5325,F,82
6384,F,44
8436,M,145
1640,F,55
4660,F,49
786,M,45
5242,F,160
13243,F,136
20930,F,28
144,F,98
1203,F,33
3321,F,150
5439,F,1
10420,F,92
15558,F,98
2353,M,74
2459,F,70
4668,M,44
61,F,87
1120,F,60
3920,M,27
18221,F,25
1408,M,161
1514,F,54
2467,M,14
3632,F,46
4428,M,10
4534,F,77
9829,F,23
3723,M,65
4782,M,263
7006,F,8
2136,F,72
2975,M,62
5864,F,29
923,F,121
3943,F,184
12101,F,251
1044,F,60
11404,M,74
22929,F,20
3202,F,255
577,M,23
2695,M,53
3556,F,61
2694,F,8
2892,M,112
3753,F,124
21559,F,25
99,F,36
4262,M,87
296,F,128
5675,M,33
6493,F,81
14651,F,209
24299,F,3
1552,F,47
4572,F,214
5986,M,135
8808,F,4
2808,F,19
3006,M,60
11123,F,43
3233,F,57
7469,F,88
9430,F,2
1553,M,1
3430,F,165
2061,M,305
4883,F,95
24807,F,34
1313,M,40
2372,M,5
5549,M,137
6608,M,48
608,M,68
2569,M,39
4603,F,66
1978,M,109
4998,M,32
10997,F,319
14017,F,101
4095,F,37
13312,F,38
1427,M,18
80,F,39
2041,F,273
3100,F,27
3191,M,4
482,M,94
1761,F,52
3722,F,120
7738,M,94
20626,F,56
1958,F,302
19921,F,42
4273,F,95
9411,F,75
22079,F,30
285,M,297
4364,M,284
4470,F,58
5686,F,75
14746,F,243
3836,F,39
950,M,55
1013,F,209
2911,M,172
3131,F,87
1367,F,32
2269,F,13
5446,F,29
11486,F,6
10675,M,141
23449,F,32
8186,F,307
5363,F,90
13521,F,33
2383,F,42
6619,F,42
15679,F,24
2474,M,243
3533,M,32
3760,F,176
6937,F,82
3055,F,30
11213,F,16
13331,F,154
1332,M,51
3252,F,254
2547,F,32
16195,M,91
149,F,56
1051,F,95
1135,M,9
2110,F,29
5287,F,161
9366,F,101
3564,M,54
11524,F,111
17250,F,183
543,F,26
3563,F,60
3761,M,50
4622,F,42
1249,M,27
3283,F,58
460,F,18
1362,F,31
2619,M,152
4382,F,151
6657,F,19
7716,F,133
12697,F,88
5795,F,34
3127,M,36
4102,F,59
5318,F,150
11358,F,28
3324,M,113
574,F,51
2535,F,138
2733,M,148
4496,F,36
4694,M,45
7673,F,25
13870,F,27
2930,M,39
5909,F,74
6968,F,64
1343,F,94
3461,F,252
11619,F,264
418,M,40
3658,F,194
6835,F,6
15895,F,16
18444,F,0
23582,F,35
24641,F,9
835,F,138
3044,M,36
3150,F,79
8182,M,21
3355,M,67
5693,F,42
752,F,94
1654,F,156
2713,F,80
23696,F,28
244,F,41
1040,M,73
1146,F,28
3158,M,62
3264,F,24
7343,F,78
512,F,79
1571,F,54
6004,F,100
6201,F,152
8319,F,306
12241,F,35
2213,M,128
3221,F,14
5496,F,148
9575,F,97
1685,F,70
5921,F,113
4000,F,27
6118,F,85
11099,F,2
1071,M,44
3335,F,104
4288,M,69
6406,M,28
7465,M,223
9532,F,311
19180,F,76
23259,F,14
593,F,91
8046,F,126
2046,F,238
8243,F,266
22872,F,45
1184,F,68
5618,M,66
9499,F,20
550,F,152
1609,F,19
4629,F,15
42,F,322
1101,F,5
6239,F,139
21025,F,127
239,F,31
8554,F,123
2866,M,243
3684,F,67
156,F,22
354,M,71
1256,M,104
5137,F,177
1610,M,49
3571,M,10
10629,F,2
1059,M,55
5054,F,2
1370,M,164
2429,M,132
12507,F,25
467,F,54
2428,F,14
6664,F,9
11802,F,24
2098,F,68
12374,F,233
5409,M,52
5629,F,89
6531,F,9
9551,F,8
25396,F,11
2649,F,109
13016,M,12
8763,F,0
9602,M,153
9665,F,6
17352,F,20
2657,M,73
2763,F,123
6842,F,65
7901,F,255
10019,F,200
4019,F,65
14295,F,199
2326,F,18
7401,M,149
342,M,44
562,F,166
850,M,141
2015,F,52
1381,F,114
20403,F,153
1515,M,219
1735,F,74
2417,M,9
7070,F,85
1070,F,36
3984,M,16
5149,F,21
11346,F,51
1118,M,236
1191,F,162
5113,F,48
7976,F,41
14370,F,75
526,F,99
2685,M,9
4605,F,69
10488,F,36
12606,F,296
5902,M,71
9783,F,50
1232,M,30
13228,F,125
1502,F,66
2488,M,233
6410,M,58
3660,F,103
6721,M,56
1035,M,44
2094,M,69
12283,F,210
14244,F,37
4636,F,76
5381,F,43
7583,M,144
9544,M,137
2715,F,38
8755,F,42
21306,F,165
25385,F,0
90,M,47
951,F,58
3971,F,93
7032,M,126
11972,F,34
1376,F,23
1460,M,211
3494,F,14
2716,M,186
3691,F,41
10717,M,80
21223,F,88
868,F,42
1968,M,90
6949,M,163
10830,F,218
3183,F,103
4283,M,82
735,F,59
2633,M,60
7677,F,85
8516,M,18
11756,F,95
3247,F,103
1483,F,97
4503,F,58
16320,M,86
19917,F,57
1046,F,171
3846,M,69
7768,M,86
341,F,47
3361,F,81
13217,M,188
23913,F,24
7480,F,45
9441,F,15
743,M,55
4822,M,29
6846,F,79
3121,F,41
6232,M,129
6338,F,6
2507,M,38
3566,M,43
4625,M,77
4999,F,62
11039,F,189
2113,M,67
12295,F,18
15315,F,12
1471,F,76
2424,M,10
1562,M,90
2727,F,77
6649,F,42
7551,F,36
1946,F,124
7829,F,235
10849,F,111
2538,M,40
3399,F,46
7164,F,240
5400,F,89
12499,F,20
1987,M,36
3046,M,38
4021,F,112
5080,F,123
9904,F,82
1282,M,43
2257,F,23
6022,F,13
10101,F,84
9396,F,78
2651,F,37
4612,F,148
25164,F,15
5037,F,21
16058,F,50
2371,F,104
3273,F,299
8254,F,257
1509,F,79
1706,F,146
6687,F,103
12727,F,1
1156,M,191
4249,F,68
2412,M,28
3584,F,45
6447,F,81
22175,F,27
8762,F,176
10723,F,7
431,F,73
25062,F,46
10747,F,67
2943,F,0
5061,F,46
5806,F,30
14,M,22
1179,F,12
545,F,163
5306,M,96
742,F,20
2860,F,14
8743,F,59
14783,F,91
990,M,68
4010,M,194
6873,M,59
7932,M,138
11058,F,14
2352,F,229
3254,F,68
9188,M,89
14275,F,53
659,F,94
1718,F,58
5640,F,73
6479,M,130
4935,F,28
1210,F,84
3065,M,85
8349,F,14
2671,M,77
2734,F,46
68,F,186
6853,F,74
7912,F,273
462,F,38
2423,F,52
5286,F,84
6345,F,37
667,M,150
4662,F,84
8584,F,118
1839,F,116
75,F,64
23647,F,16
7214,F,2
3717,F,102
9954,F,31
21446,F,28
1289,M,100
4268,F,99
7131,F,82
11053,F,40
3604,M,244
14427,F,224
1954,M,4
2856,M,98
3915,M,35
12734,F,106
5171,M,138
7950,F,306
1205,F,20
1403,M,164
7245,F,9
2461,F,21
7442,F,93
7640,M,58
925,F,240
63,F,231
1319,F,135
4537,M,166
6300,F,160
614,F,94
18146,F,44
15227,F,55
2379,M,45
1737,F,25
2796,F,234
3592,M,108
3698,F,55
4651,M,43
7620,F,37
2887,M,289
2139,M,174
3418,F,49
3615,F,54
1745,M,21
6675,F,314
8793,F,87
989,F,106
5970,F,60
6872,F,54
10845,M,55
1414,F,47
10317,F,57
11376,F,37
489,M,29
4568,M,30
5533,F,77
7651,F,49
12632,F,218
44,F,126
2367,M,52
6509,F,80
8250,M,174
23139,F,71
1505,M,140
5427,M,268
9506,M,18
22277,F,186
2981,F,58
5738,M,10
5844,F,53
22474,F,5
1338,F,51
4358,F,156
633,F,99
10595,F,89
10990,M,163
18362,F,9
20520,F,155
477,M,98
5374,F,64
12557,M,328
831,M,95
6630,F,169
18122,F,23
2003,F,79
11808,F,56
82,F,70
1141,F,85
1339,M,45
2200,F,15
6122,F,167
10044,F,93
507,F,64
1566,F,247
5769,M,21
6828,M,15
10750,M,92
3019,F,43
4980,F,23
21610,F,44
7138,F,97
20748,F,63
1764,M,124
10583,F,7
17178,M,14
21173,F,130
1961,M,41
3922,M,29
113,F,40
1172,F,104
11134,F,10
18547,F,21
508,M,24
4389,F,104
4587,M,199
2780,M,74
7981,F,25
8883,F,255
177,F,125
2075,M,56
3134,M,8
3197,F,41
374,F,77
1327,M,72
17004,F,117
17906,F,135
2689,F,112
3642,M,23
6611,F,167
5757,M,68
71,M,77
1350,F,46
9131,M,235
15391,F,271
1547,F,41
2500,M,51
2606,F,93
2697,M,226
1949,M,29
2169,F,58
3008,M,85
6091,F,76
11072,F,8
13190,F,52
14249,F,72
1244,M,6
2303,M,51
1661,F,249
5583,F,301
10564,F,137
1752,M,74
2811,M,39
12879,F,135
2283,F,28
7264,F,123
13304,F,48
2480,F,97
3319,M,24
15462,F,115
6599,F,72
8717,F,26
10678,F,63
11,F,99
2925,M,106
961,M,48
1034,F,166
1936,F,75
172,F,25
4251,F,153
5467,F,56
369,F,33
3587,M,102
6566,F,106
2684,F,69
89,F,139
11351,M,105
4365,F,122
8601,F,88
12523,F,110
3503,F,71
19074,F,112
680,F,178
2798,F,122
1105,F,40
1386,M,67
11578,F,66
12637,F,12
1656,F,43
2558,F,36
5933,M,91
24169,F,32
3814,F,26
4873,F,41
1219,F,140
4239,F,287
10436,F,73
13613,F,82
2559,M,246
4520,M,16
8869,F,166
10987,F,162
2165,M,71
578,F,27
2476,M,14
555,M,3
1614,M,20
4634,M,115
2122,M,60
4240,M,193
2590,M,77
669,M,193
14185,F,119
184,F,11
3204,F,104
1334,M,112
806,F,34
11082,F,99
3803,M,15
5082,F,107
5239,F,47
8259,F,33
3212,M,36
5436,F,132
1397,F,49
2456,F,70
1759,M,64
3720,M,2
20413,F,61
5353,F,8
2373,F,32
4334,F,139
4425,M,19
7011,M,44
2070,M,45
3947,F,76
1322,M,43
11400,F,20
8577,F,226
9636,F,108
2889,M,213
4850,M,72
5982,F,226
7041,F,254
10061,F,151
2100,F,94
3002,F,54
6179,F,241
336,F,46
7435,F,92
16652,F,2
2692,M,63
6928,M,37
15240,M,25
2141,M,95
3116,F,65
11515,M,148
293,F,39
2411,F,34
7549,F,105
10569,F,46
3033,F,33
4092,F,85
7269,F,53
1269,F,116
2255,M,24
13506,F,197
22723,F,1
605,M,48
3781,F,226
4683,F,36
10880,F,36
1333,F,68
628,F,42
7727,F,61
21862,M,5
2680,M,54
1022,F,172
11298,F,46
23535,F,50
168,M,130
3345,M,40
2703,F,26
1841,F,109
2794,M,55
6077,F,52
8195,F,266
12117,F,40
1136,F,144
5372,F,19
6168,M,56
8392,F,315
502,F,170
699,F,138
2597,M,116
3719,F,8
4073,F,182
4975,F,19
6085,M,180
22507,F,2
24468,F,12
1250,F,13
2152,F,76
6388,F,36
1455,M,50
4695,F,15
1652,M,63
2931,F,43
6947,M,62
1010,F,266
1963,M,122
2069,F,61
10384,F,12
199,M,55
2266,F,19
3325,F,80
5443,F,148
23877,F,37
426,F,76
510,M,55
5721,F,10
8825,M,25
1766,M,45
4702,F,63
4786,M,104
977,F,282
3997,F,100
1174,F,115
1372,M,31
4194,F,43
7569,M,114
3644,M,116
6737,F,117
2939,M,221
4816,F,232
9052,F,56
32,F,3
1091,F,83
2191,M,123
3052,F,91
14387,F,168
229,F,65
6426,F,66
3871,F,40
8107,F,57
23364,F,29
146,F,209
541,M,37
3561,M,128
11719,M,103
3985,F,5
4069,M,24
6260,F,106
6457,F,51
457,F,51
1029,F,317
1383,F,50
7580,F,119
521,F,37
2533,M,25
8836,F,84
9738,F,147
10691,M,102
1777,F,115
4797,F,165
21,M,58
2202,F,261
5356,M,13
6635,F,24
2596,F,263
4714,F,192
6726,M,194
14990,F,76
4911,F,284
7454,F,29
18766,M,11
1808,F,139
4828,F,12
946,F,111
3966,F,41
11222,F,26
20439,F,46
1371,F,33
5387,M,88
6446,M,125
2407,M,36
2627,F,54
4525,M,48
863,F,187
3883,F,139
6001,F,70
6954,M,34
15309,M,65
3299,F,91
5417,F,48
7378,F,72
2437,F,52
6673,F,182
9693,F,5
14674,F,90
1732,F,107
19107,F,28
1379,M,71
3413,F,31
5531,F,0
1492,F,35
3694,M,175
984,F,60
2945,F,23
7181,F,63
18516,F,87
4513,M,11
5645,F,91
1606,F,45
6901,F,18
6985,M,61
8862,F,121
942,M,53
1803,F,118
3060,M,48
7098,F,61
3257,M,73
5375,M,148
6236,F,234
1607,M,259
2863,M,172
3681,F,119
5956,F,192
1056,M,0
1917,F,137
2976,F,67
5135,M,9
9173,F,126
2271,F,64
3173,F,91
4430,M,32
3902,F,88
5800,M,49
6020,F,28
7079,F,32
1079,F,24
2138,F,194
6217,F,28
1473,F,5
7827,F,0
13761,M,180
13867,F,104
4016,F,41
1390,F,118
8540,M,29
9705,F,6
1587,F,81
6882,F,33
12816,M,20
21080,F,43
890,M,19
4812,M,61
11229,F,209
1087,M,68
2146,M,112
9465,F,22
4524,F,85
10615,M,64
2126,F,261
362,F,106
1201,M,140
559,F,15
3473,M,30
5854,F,30
6650,M,140
8768,M,19
2874,F,15
3776,F,54
4729,M,18
9071,F,5
