CODIGO_CLIENTE,QTD
3581,51
7162,3
2585,26
2253,46
1921,43
18901,1
24142,7
6853,19
3226,11
10720,9
23,32
2230,5
1566,45
16007,21
1211,35
12117,10
547,6
4128,26
4460,1
11453,34
17195,9
2207,8
1374,37
5124,8
13777,59
1042,2
192,9
524,11
733,21
1397,15
1188,27
1729,13
10766,0
16176,1
18709,63
401,53
16508,23
1065,70
21463,10
2061,24
5479,12
20398,2
501,25
8991,10
6999,36
5665,81
23647,11
14155,21
7663,7
5001,41
1420,19
5078,61
9578,13
7640,10
3435,28
4437,15
4978,2
12927,18
22290,98
6976,4
2794,5
1712,1
9701,2
26349,4
2130,4
4291,14
9532,38
13614,5
4955,5
3604,8
3481,4
4268,9
4145,3
14965,20
1735,9
2940,5
14178,69
4168,4
670,12
25393,36
17235,34
4251,3
1002,24
9409,46
5496,15
12658,37
4855,5
17544,47
1689,5
2685,4
3232,8
6515,8
3564,41
5187,6
4560,4
1357,4
13050,9
6707,7
5293,5
19605,2
11035,81
23933,19
4606,15
1606,5
7016,18
6020,33
5934,7
11885,10
23541,2
4752,5
3667,4
1752,3
418,48
169,12
8244,24
3418,19
5333,14
10989,137
20730,2
22645,87
5980,2
14138,18
4646,12
5439,23
5433,6
24915,38
2439,5
1105,9
8931,168
7454,6
3372,6
24766,32
13451,99
21025,69
5287,33
10697,14
6126,23
13700,3
9369,5
8928,9
5141,26
4354,4
10551,72
8436,32
14387,12
8977,4
10305,10
9764,19
7079,21
3996,10
1506,36
23727,39
1838,75
3498,67
6083,27
5585,400
10992,39
2857,3
4019,14
3521,4
13007,7
7222,13
3355,26
3853,6
15380,4
15214,2
5207,7
7789,11
2124,144
4211,15
4543,13
793,10
1128,36
21022,10
3378,3
9784,2
4729,33
2479,4
5725,14
6389,39
12844,16
5393,8
12389,136
8430,3
7434,13
1483,51
3143,112
2671,12
507,40
22562,2
1171,43
3335,13
7414,2
673,23
2665,9
7912,54
11991,15
4829,1
24062,54
13740,6
6601,8
17919,8
3478,8
23913,16
773,38
17962,12
3312,1
11470,29
10468,62
13763,2
7099,12
8765,9
1812,3
3455,15
3212,7
12532,5
9455,4
1463,3
2545,46
4537,3
7391,18
1981,7
2645,1
7932,8
1440,18
5891,7
11301,2
2104,3
4686,41
8596,19
2522,13
3186,11
8473,6
6160,20
587,7
1334,13
14069,6
13571,85
22227,6
89,18
13820,47
1583,4
5413,5
9990,62
5021,26
7726,19
11058,5
12552,1
2353,27
14175,5
1191,36
9386,11
693,5
7620,18
8367,12
3292,3
10617,13
4288,23
1961,24
3043,37
2957,31
16276,6
21941,9
15549,7
3684,10
6979,15
5356,4
979,70
13926,0
942,19
14553,7
2024,118
10680,4
5307,177
5897,24
11072,0
1918,11
17066,5
4580,65
13236,11
8410,2
6246,20
10325,2
3982,49
2316,31
8808,3
23415,31
146,64
12446,43
4623,9
13528,31
544,11
8118,9
2459,7
1626,18
22774,27
21102,15
11264,5
444,87
10723,2
2608,71
9641,41
5854,41
17756,16
6395,13
23707,38
24789,27
18838,20
3083,149
1755,32
6664,11
5668,59
22316,3
4079,17
7660,7
11573,3
13826,12
15154,101
1732,33
2396,8
9011,52
8347,19
1068,11
2064,23
521,16
6687,9
2728,24
3060,10
10554,36
9226,12
9203,2
8370,86
9698,8
9366,17
3461,48
23690,48
12452,10
9721,17
14467,13
4766,43
2774,4
7520,6
10053,2
8848,111
4102,11
25164,4
8516,8
7829,8
4248,1
3584,13
4912,16
25396,29
4835,4
12406,58
23813,9
27726,14
999,11
22147,48
4271,9
4812,2
1609,19
4935,40
3607,6
10099,6
11427,86
2273,25
14304,2
5791,40
6873,26
24185,1
6455,12
12283,77
6209,70
1709,36
11619,87
1045,2
2373,15
16196,6
5645,6
6309,8
358,8
11719,15
4981,6
235,21
1022,12
6850,47
172,24
6077,12
1500,11
4998,7
3753,8
21065,37
9575,2
9907,112
22310,24
753,14
12575,57
21669,72
4394,50
23544,21
10345,90
25001,3
14839,46
25204,25
22001,6
11888,16
17839,114
5390,20
6017,4
13843,31
527,120
14198,35
375,96
2379,115
2628,24
1546,35
3956,9
2542,31
3375,43
3624,2
1214,7
2047,8
2874,3
20627,162
1901,1
1692,22
229,25
1360,70
3561,7
7311,4
8639,8
2233,11
25951,5
10262,9
8971,12
1254,4
8825,7
667,16
4497,18
27720,5
9080,51
3916,7
5582,20
916,12
7159,3
1603,67
3275,15
275,27
17925,1
3810,36
3816,10
3269,41
12761,1
4603,17
2482,5
22253,18
10308,2
8533,36
713,27
1795,7
4208,8
19107,33
2041,3
10205,74
1208,12
2290,12
10059,35
11682,7
17338,14
1108,13
1354,51
11387,132
2436,2
5436,6
6223,2
26830,38
10846,21
24371,4
1649,49
11822,4
3166,18
6747,5
6249,27
6913,8
7245,8
26644,10
18984,4
1672,20
2170,21
3830,13
11324,67
3664,11
3332,13
3189,53
4683,13
3687,4
10849,6
11347,6
23704,36
23206,1
22018,12
2456,20
1125,11
1460,17
9117,4
1792,3
3046,14
13362,51
8121,15
796,7
17467,68
106,33
3524,3
770,15
819,10
27119,9
5061,12
4397,18
6057,50
8762,9
2811,10
4520,10
3856,9
12512,3
3999,12
1835,83
6578,6
2001,16
12157,24
8078,15
15234,26
15240,38
5914,4
4663,1
584,0
1978,42
14427,2
7935,1
1984,23
5771,26
8599,24
26452,25
5937,300
2127,6
20693,5
24016,35
1958,10
15360,101
8450,7
5373,1
2768,7
776,35
18506,11
63,3
3899,12
24457,22
1194,8
1858,20
21211,44
8768,16
7809,19
1317,105
16073,7
3836,23
4085,18
1417,6
3587,28
1915,12
4334,60
11994,36
8662,1
4832,16
21148,26
8164,5
896,5
5353,26
5851,9
4228,8
27540,11
1025,87
398,3
2711,10
3538,15
6292,5
43,26
4620,13
5210,99
9538,10
9289,76
22273,1
1878,2
1274,39
3979,54
4975,35
6684,11
10926,68
2270,0
18586,20
2356,1
5416,26
7580,12
839,5
3252,8
2505,48
2754,22
3644,2
3103,30
22081,6
11802,13
9097,1
16136,20
2605,11
19917,9
18792,1
982,37
2213,5
13282,4
3544,16
14364,1
4626,4
26017,26
1380,38
5459,10
9887,26
2313,13
1772,31
9346,2
149,10
4174,13
593,4
5502,12
8087,9
925,40
8751,16
24048,3
15558,6
4529,6
238,3
570,31
6404,3
13683,19
23716,2
7732,41
5525,360
4861,4
14207,1
3132,13
8797,4
2800,90
14370,14
3464,5
2136,21
3796,15
14038,2
15180,19
2823,19
9106,12
2491,28
14061,17
4151,6
9770,19
2345,5
8250,19
4337,8
2422,55
430,10
8256,1
20321,13
1758,2
6335,9
5671,11
8920,32
115,9
2986,26
6945,20
1781,6
4320,105
5648,74
2445,27
1117,36
1658,12
138,5
6876,5
15040,14
12209,4
7045,21
11791,6
802,5
14201,22
1466,17
384,6
1489,6
5030,7
17055,4
161,31
1071,50
22342,32
948,42
5694,36
5840,23
3172,8
11081,1
1263,9
1512,3
2923,8
1595,17
1904,3
3859,9
10357,5
8187,6
8734,13
2199,309
11685,4
6066,39
2531,13
24363,26
3218,5
5379,69
7214,4
3719,11
20530,2
20281,11
16949,3
4901,18
24217,1
7901,5
9315,35
20590,23
3573,34
4692,1
1950,47
3364,17
9916,6
7254,18
11831,113
5339,16
762,64
4011,10
2090,25
2677,2
12169,9
7941,52
11144,5
1652,7
1990,21
1449,14
21423,7
6275,14
3324,7
1111,4
22302,1
4947,14
22259,87
2777,23
470,4
10795,9
2631,67
3713,29
9962,97
11877,30
24025,1
17533,19
25107,1
22697,4
5634,1
6959,28
221,26
4798,5
2485,68
4944,45
5780,14
11977,77
9567,20
6321,3
5239,8
616,9
17141,12
1157,7
18469,72
7108,8
75,7
1403,10
6813,7
1698,6
9000,2
4921,2
3261,16
1340,5
3759,30
8336,7
3925,20
2929,4
11917,5
7838,12
699,24
1197,12
1695,52
7861,2
1363,10
3902,19
2408,11
12060,8
4566,113
1861,46
20716,4
10019,88
16351,9
1718,26
7128,11
19863,20
1054,11
13789,12
2714,2
4801,73
9733,13
1532,61
2737,5
5442,4
22754,39
5774,14
4778,80
11393,230
16139,0
6673,159
2428,15
181,18
14665,9
2173,9
11748,20
679,22
1930,61
6009,3
3092,58
6650,60
822,258
21804,153
6109,15
7314,6
13099,1
3945,44
11376,4
556,9
6630,101
10709,27
7981,9
2694,1
6481,26
17178,6
11227,6
5399,2
530,118
2571,6
3235,12
11891,7
7583,8
11413,2
11662,774
2508,14
6338,3
1761,15
3006,6
7085,13
9255,8
2365,45
4572,40
244,13
9896,150
7191,26
742,25
10523,203
14224,5
2863,34
13228,4
18681,11
1240,13
550,4
10878,4
1632,74
301,10
4715,16
1383,12
10629,8
4629,44
12289,11
387,77
8957,1
3241,17
2651,6
7569,7
3696,3
991,0
2700,22
1618,290
11356,2
4088,7
8167,4
1924,9
6252,64
1426,176
3839,1
3590,4
7669,4
5611,4
3988,2
5113,16
1326,5
9441,1
14267,64
3490,26
11605,28
5654,3
12103,85
1967,72
885,15
2216,18
4380,2
3049,33
23364,10
16282,37
17115,2
13869,20
11705,3
6985,8
1034,55
6444,62
2657,21
1575,6
3344,11
8917,6
1423,3
5336,1
20988,17
427,9
1091,6
21320,13
5004,19
13517,109
7234,58
4695,19
13185,104
5027,11
16056,9
12521,60
6902,10
72,80
17052,1
7042,4
10460,18
23859,10
7211,4
2133,97
2465,34
5050,4
1137,2
4718,72
22840,15
5528,99
7729,13
12807,13
2110,10
6856,6
1114,55
6192,13
6756,35
6092,26
928,34
7420,15
3507,19
8422,21
13663,5
14250,116
4509,25
5837,8
8107,7
23427,4
3158,9
2156,14
3822,6
945,7
281,38
2943,21
1492,23
2820,48
951,20
1615,8
3799,22
23696,6
2471,7
21111,2
3553,4
3776,10
10145,3
4194,11
9604,26
20842,3
2866,135
8817,25
19096,11
18432,1
3112,29
7251,103
6670,182
23982,128
1014,12
2425,8
2093,18
5591,13
3421,3
14828,271
5342,23
410,6
23673,5
6232,124
78,4
2734,11
3361,10
7357,7
14722,21
1738,2
1051,7
8625,22
24277,12
12870,16
968,1
1300,14
1987,3
13016,32
659,18
573,7
364,8
17885,19
905,17
4987,23
32,3
5983,1
7606,14
1260,5
23736,2
1841,3
15661,14
14244,27
4503,4
8339,10
2926,22
27317,1
5488,4
1160,14
7105,11
11980,2
12767,24
2488,6
1947,3
5482,25
4941,1
7111,228
619,1
8631,9
2388,9
3467,4
467,24
7549,16
9126,22
3716,208
8044,15
2880,4
1552,5
13208,6
18864,55
26189,4
7403,23
20633,19
13600,3
2780,17
3321,4
4403,51
18223,12
14436,44
20387,5
8190,11
1174,3
5253,16
510,5
4589,23
13743,1
4091,1
8834,4
3593,46
2574,23
367,17
11894,4
26501,4
3072,11
1529,18
18890,5
8193,9
2242,4
533,1
2027,1
5800,16
390,8
2883,11
1386,7
4469,3
6461,125
5465,5
6129,17
3215,7
10397,52
868,3
2860,15
5110,26
8811,12
1200,9
6819,17
3922,14
10420,31
2007,31
4420,13
19076,18
14576,12
1509,2
845,4
9501,10
1343,46
3258,8
22591,20
3281,44
5445,2
23298,4
5986,25
2717,7
2548,0
15309,77
1366,5
4612,7
15973,7
23965,37
3407,12
7858,9
6653,19
4071,37
12727,13
5757,9
23567,15
10832,3
18990,8
7417,25
1180,20
10085,5
23318,1
10583,13
9089,8
22820,18
17745,88
9338,20
13666,22
931,6
2176,180
27503,1
2070,30
1572,14
3195,25
10191,16
6398,113
2697,74
4240,23
8568,4
6882,11
4383,2
1715,7
55,18
633,5
7629,24
882,18
4632,10
21695,2
3550,3
5651,73
8319,39
20221,18
8270,4
1323,24
22963,41
23902,20
341,5
2511,2
4426,9
9003,31
4675,16
13331,29
4177,34
10918,51
17908,1
17808,6
490,9
7480,10
23759,2
2113,13
11808,4
447,2
4818,73
17261,8
5316,15
9644,4
7131,2
1721,3
9544,6
14954,5
3885,15
2803,9
23361,50
888,58
17951,1
21446,7
10377,83
22279,11
3052,8
12641,24
2362,23
5608,15
7231,10
5067,37
1280,8
3985,22
3444,2
5099,6
22079,12
4767,4
2182,4
14585,31
1186,36
6759,12
2514,24
854,82
1209,15
22056,16
10031,2
3748,11
2869,22
6072,252
3533,7
7801,42
11219,11
12879,4
144,11
17124,6
7469,5
24449,2
831,94
6118,10
167,62
7446,50
13065,41
499,14
11528,1
23762,13
5454,2
3679,18
1017,12
9507,15
11173,4
1687,15
5594,52
6928,11
4266,76
23576,1
2328,14
453,3
14771,3
6287,11
22929,5
18312,1
2992,12
1664,101
6828,2
994,21
8156,2
13443,6
6951,17
4389,41
3556,4
2892,18
10217,80
6974,3
18876,14
10317,31
9653,63
2374,22
4907,49
8989,2
13071,139
24309,9
3702,122
3184,95
11342,22
516,20
2437,27
23330,22
10595,24
16500,7
27658,21
8674,5
4512,31
184,2
16168,14
8425,25
5199,9
6410,15
5531,11
1203,8
2082,77
6078,18
3871,13
7738,25
20390,69
16297,81
1395,12
2723,63
5640,21
230,13
562,120
23284,5
17874,3
6218,0
7300,48
1063,20
20874,11
6968,7
14293,24
21229,4
5036,22
4704,38
917,32
1249,10
376,7
13938,11
18229,6
13606,4
2036,47
10987,20
6905,54
2245,2
5677,6
1349,1
21,25
5932,0
768,58
6619,7
127,13
1455,2
12816,16
23138,1
121,9
7154,0
10154,66
1996,14
4990,3
13111,5
5385,3
8388,14
7306,8
2978,28
8634,4
2142,9
13549,212
2975,5
4057,5
8139,3
9862,8
21223,141
6911,171
4157,15
3911,2
9075,81
14485,1
20141,7
3616,7
25305,1
2288,29
2583,12
4993,5
1269,13
4850,11
2763,5
6842,7
13506,71
16921,66
605,29
8763,19
1103,22
9427,5
6201,12
9404,76
1246,12
22351,34
914,38
18226,129
15853,36
13695,91
1910,14
250,14
6722,7
3141,10
5468,72
891,17
23370,40
7555,5
58,15
3808,7
7718,9
4137,30
2812,12
8073,31
25385,1
81,16
536,31
7532,2
24844,6
2122,3
19434,11
5823,9
3118,6
17250,9
12507,24
1936,53
2102,26
7930,12
3453,18
2451,40
12650,194
10615,7
3994,9
3951,2
1289,33
21306,19
20765,5
3974,11
10466,12
11299,6
10635,5
1810,1
64,35
28611,55
5225,24
1146,10
13463,15
27778,3
9802,33
7220,15
2643,1
8743,36
38,8
5989,8
3284,32
19932,17
14522,12
5325,4
9235,3
25932,30
2079,241
6599,26
8757,23
15006,31
10678,10
4678,10
8259,147
207,11
11697,12
2414,5
1916,6
2059,47
3055,7
25285,2
5554,15
6636,26
977,3
3894,9
7383,4
1226,4
9304,13
2308,18
8614,3
1040,29
2663,8
44,9
5909,30
4372,7
18893,2
14651,94
4286,16
5368,9
6991,20
15647,37
1432,21
13675,3
2849,1
11754,3
3347,11
685,113
7426,27
5760,15
20416,5
2955,5
22474,7
1332,42
18146,14
293,5
5660,27
11654,19
4970,22
1724,26
2806,49
12295,2
23705,5
393,18
22872,13
2557,11
11213,4
15541,48
4721,2
3247,11
6493,3
2165,32
24346,2
5952,4
14608,10
16231,37
3788,2
7034,8
22723,16
8116,12
1083,15
6593,4
356,6
10506,56
5597,9
12759,4
17004,22
22245,11
2680,11
1684,52
23241,109
26490,42
2016,6
2371,3
2039,9
11525,8
2703,12
1707,21
5242,9
3367,8
3035,24
1375,46
10861,4
12736,10
2895,27
3559,1
3722,5
24120,6
2726,6
4054,1
3227,38
7472,11
2872,7
3413,8
3204,49
2540,3
2208,21
15770,42
15438,10
8823,3
3745,138
13446,14
3081,8
19729,7
2749,9
24807,5
7827,52
1853,5
20748,100
1515,13
5428,45
12258,13
4100,7
7681,9
187,20
828,14
5451,2
8986,39
164,28
10320,4
502,4
16271,18
8992,4
12945,27
6994,1
1830,50
4787,79
7781,68
2494,16
974,12
10884,5
897,3
11053,20
1807,18
6138,10
5474,7
6384,22
12381,1
7466,152
10220,13
2889,16
1561,9
6161,8
210,7
1120,4
1661,3
7489,6
333,28
5620,30
874,28
2202,8
11571,30
23719,41
4014,9
18,7
2686,6
14674,1
8591,17
3267,9
12172,21
15670,3
3705,2
3373,21
17685,19
373,27
8199,75
3576,5
10297,11
10051,39
25703,5
4309,18
1644,2
4641,16
10214,3
14379,19
11379,21
11233,37
7950,2
3659,9
15315,23
3327,9
9610,7
25557,28
10692,14
20639,24
13901,15
24266,21
5282,11
7011,5
24080,5
2185,162
14588,34
8096,11
21080,3
22995,3
11588,139
4449,28
10990,15
3121,5
14482,7
2826,158
7990,16
6324,30
26931,3
1498,29
24767,4
10947,16
4160,25
17482,1
12275,22
11880,22
24615,72
12467,46
3221,12
14880,5
6470,19
811,13
4060,17
5388,65
22700,13
224,7
10552,86
1306,23
2139,17
10157,10
7698,36
7157,11
911,20
1206,28
10698,5
1747,26
4747,6
11239,3
6178,20
2597,6
8597,47
12676,1
13174,2
2099,4
10257,67
4352,19
1601,12
9238,27
582,81
22849,60
2076,148
416,17
12129,65
559,11
23539,16
4804,16
7223,23
3144,15
3473,23
8883,18
9215,51
23871,34
6868,40
2454,4
1790,3
7741,16
6204,14
16520,2
25053,8
3264,26
1764,5
3430,30
25076,43
7343,4
1266,34
21993,20
20499,8
7509,87
459,62
2125,12
625,21
3828,14
2617,8
3330,3
23304,3
5328,47
1123,5
9779,3
17373,9
22540,14
8717,31
5471,5
2056,3
15381,5
3971,10
2474,3
11302,113
9138,20
21873,10
6553,5
13217,31
61,12
12135,21
11963,19
11130,6
751,11
1292,5
1415,14
4120,5
18727,42
3997,24
7907,2
433,47
3848,20
15338,131
3350,7
3101,10
7927,2
20413,85
7180,4
16334,1
3599,2
6931,1
12255,22
3207,9
9693,5
1584,31
12398,8
7535,3
1037,5
1535,4
41,32
8554,12
21538,17
2305,16
26948,2
21289,7
9550,61
9636,11
980,36
1976,5
2909,31
8946,8
1372,36
10569,68
3991,14
4618,8
2368,7
7237,128
18647,2
104,15
10675,3
2268,30
6347,7
1521,24
2019,3
4432,16
8511,23
1621,13
4283,29
6447,4
2660,8
22769,47
4824,5
5806,36
3642,7
4475,67
9052,73
3393,29
8803,17
6888,1
26115,10
13772,34
2411,2
1329,1
11067,1
5116,10
3493,72
24641,4
8348,22
2443,24
23336,9
2775,39
20087,3
18759,5
4103,14
6024,22
8039,97
2752,41
545,50
2420,16
3416,11
3084,19
9035,11
7707,5
10910,13
23359,52
4813,8
3485,20
4149,4
7730,16
20133,21
10887,3
10409,18
3462,7
13495,12
26516,3
7876,3
2798,11
8540,104
10077,10
24524,3
9413,13
1610,25
14345,29
15679,54
3608,2
4859,7
946,2
25165,18
10100,54
22148,50
336,37
3631,13
22271,12
16320,8
4959,6
5500,6
4172,1
7166,13
900,5
7807,6
16884,8
6479,7
11720,72
1069,73
8889,3
1564,25
22440,11
7538,5
923,109
11743,2
5669,110
1046,4
1587,78
5128,14
4690,10
860,2
113,105
5769,8
4358,3
2188,2
5686,17
1109,31
18753,1
12184,29
5437,1
25251,9
21029,5
1547,8
5082,4
5377,33
2875,11
9705,6
2543,33
28560,83
11580,173
12871,23
3422,15
4750,3
23296,22
24624,9
3316,2
2984,16
2735,1
11969,8
3067,36
8972,5
1902,2
8640,151
7999,14
2589,31
4999,32
3917,33
4249,8
9954,6
23983,30
3376,67
5331,5
2380,20
12954,48
20588,4
23831,2
3270,52
1693,20
23582,6
27,3
24169,7
10847,2
8434,26
3857,11
1942,70
276,24
14783,207
16652,17
1006,13
5629,9
6957,10
963,13
5832,10
12324,5
10996,8
22941,318
319,17
5483,18
3811,5
1647,26
16303,32
23877,36
26044,66
4896,11
28454,60
6811,5
10893,6
12470,14
5978,5
6124,25
173,14
5583,28
11534,4
13698,8
10747,9
960,6
11829,16
12075,2
6665,8
7747,6
2194,2
2692,9
22921,46
107,40
2028,18
20502,9
7269,26
24083,3
6605,20
6771,1
18842,1
6748,20
4707,7
11039,11
2549,1
3047,28
24060,17
5752,11
5088,1
4043,8
4209,12
1816,6
1152,5
156,27
4398,0
17133,85
485,6
9141,7
19128,2
25128,12
6413,12
462,21
5417,13
3880,1
1175,17
4421,49
15118,129
1195,88
7936,3
18673,128
5772,3
12015,33
18507,52
1338,23
1461,31
4000,9
2500,32
1959,10
2008,16
16658,10
20814,2
10492,28
12656,11
7787,39
797,0
2002,20
5795,3
2151,6
6064,5
2569,34
13220,69
9974,3
4564,3
11889,79
10807,2
5397,18
15384,55
3233,9
7979,5
22045,30
5915,13
2792,90
5374,22
8620,3
3874,6
3333,6
1169,74
12038,48
18530,3
628,13
10784,38
6087,9
20694,1
2669,46
2128,61
13761,20
17176,128
2271,17
1275,10
12101,14
9931,25
12350,3
3943,10
1381,16
3588,42
3041,7
13867,17
14365,1
4086,26
3090,4
17697,6
6207,72
2649,26
2898,21
4727,19
3980,59
1238,1
11305,0
2320,7
3253,13
2712,20
7,68
5958,41
634,9
4335,58
10372,63
14700,21
12991,2
14614,7
16237,30
6044,108
17946,38
7581,15
2257,10
6934,13
2606,31
442,7
11511,116
8849,21
2855,18
342,7
8457,4
14949,43
840,11
6293,3
4129,14
18152,4
1232,10
8806,28
12642,8
26708,170
150,1
591,6
6001,15
3837,5
50,3
23854,3
10870,100
7083,0
18444,90
10329,6
2755,4
1673,169
8182,8
19921,9
14680,3
3273,3
24830,13
7186,19
11099,13
23502,19
4269,5
7518,1
1945,12
47,133
3250,16
11408,77
8869,136
10744,38
17906,78
27392,1
1922,2
239,9
18547,42
4816,27
734,1
1066,16
571,13
4484,54
12141,12
19211,25
402,5
903,3
1235,7
28125,14
6476,27
5812,16
23124,2
1730,17
6831,12
1212,11
5835,39
216,18
757,39
2417,13
5171,45
93,29
548,30
17528,4
23811,16
18069,166
11122,5
1544,58
1089,34
22483,85
1421,19
880,20
9602,36
2108,13
7023,27
20422,1
7687,5
2772,6
1444,1
6336,6
5789,25
1467,16
12828,14
3459,10
22437,23
2131,14
8328,8
3482,1
25045,25
1736,8
2400,1
13638,12
9725,11
8892,40
9038,36
14448,18
2423,6
4956,6
9579,22
21481,18
2964,6
25563,14
8251,1
30,29
362,4
7856,39
4856,27
1358,18
1690,3
1939,33
17342,1
9184,6
1607,4
10512,3
2377,7
25062,11
5248,8
1252,22
4547,9
9871,56
23187,17
6871,2
4252,33
9410,1
3920,18
7641,23
7395,5
11972,74
9562,6
6230,38
7890,23
2981,11
11391,3
10644,36
6954,10
17983,22
8577,12
23688,4
5626,1
7249,10
16987,4
21610,9
6917,2
1298,33
12513,2
4106,51
6021,11
5440,15
1112,17
863,22
11185,114
23588,5
2191,57
18175,14
14285,108
20439,26
3127,16
11826,13
9662,2
6127,11
25646,35
6121,5
27810,4
6668,15
21318,3
4793,47
8142,106
3565,8
26041,2
3814,21
26290,147
3319,28
5729,23
4401,7
9665,6
19944,79
8288,21
8042,3
3173,23
3960,185
4501,1
2091,9
2878,94
2360,4
6937,2
7435,5
1696,12
5918,1
4873,18
3379,139
23396,4
2715,4
19031,17
3877,8
23894,4
4567,6
3734,11
2480,4
9473,68
16804,8
5563,78
9805,6
1149,4
28706,200
5726,23
5394,4
6559,2
17800,2
1839,4
9499,15
3499,15
8454,8
4089,41
10163,4
6794,6
12204,4
794,12
1507,1
23914,7
110,8
9430,5
2689,39
5108,133
11351,7
2025,8
4189,36
608,38
13343,27
20007,20
8766,7
1172,66
508,12
8623,2
3336,3
8789,11
10830,28
651,4
20548,2
1315,12
5400,58
482,36
6482,12
11471,8
3236,27
13243,37
800,15
2546,22
11202,3
4587,8
12702,18
4710,6
4524,21
4773,21
943,11
12433,1
12931,78
196,14
1192,4
16761,1
8852,28
90,19
10369,41
1713,22
5414,7
551,38
15195,9
7086,15
7976,11
11222,25
2403,10
3648,3
3399,17
2652,20
7727,16
11059,23
24206,4
10226,14
1321,10
10973,21
4630,21
3044,12
12241,15
1335,7
5712,13
339,33
13323,2
10581,37
5855,2
7770,31
1029,3
7521,18
3940,28
3691,5
14119,15
22277,3
16283,4
27103,37
2168,25
14654,7
24982,3
3150,18
23459,16
9642,13
986,8
23708,52
737,8
1378,32
3542,7
296,4
10575,12
5706,288
13870,8
2460,18
12198,19
4364,4
119,72
24261,2
7945,25
17099,1
4055,3
5715,15
5383,2
8254,5
4719,9
14752,13
5738,7
18141,79
829,17
6239,6
4742,7
11148,12
24215,44
5406,25
2489,46
1161,0
23883,18
6402,2
1138,206
1470,9
12499,5
1802,10
806,11
6093,4
7544,7
12353,35
6525,17
288,21
8108,26
282,4
5861,23
3531,10
4195,8
5197,21
2280,3
10361,2
24756,18
975,15
9133,7
10461,70
1639,18
3846,11
2844,12
969,9
2303,30
25443,1
7467,4
24779,13
4241,5
8154,28
2326,63
9482,8
3654,32
10146,3
10315,27
20989,55
2890,137
3013,16
19538,360
2781,18
3030,12
6611,168
1453,31
1785,14
10939,40
7690,0
22595,10
1098,10
2426,6
7049,84
2094,24
3717,38
8924,32
18373,3
6920,5
219,49
5924,34
21576,13
6717,17
11543,3
2721,5
411,63
574,27
1656,9
3660,12
16644,36
5984,27
8981,8
328,4
7653,5
4656,1
6671,24
1261,23
18659,3
11626,4
5970,4
5343,2
265,4
7003,7
2343,21
12622,111
1593,14
17577,5
5675,1
2675,2
1015,41
17331,1
2286,11
614,4
1201,67
16598,61
2529,2
7112,11
15021,98
3614,7
4201,299
2535,5
8778,10
24175,5
1948,39
514,7
1848,17
14334,18
4301,37
17291,38
9465,9
28111,4
1842,3
10793,158
5137,70
24324,33
22154,11
23488,3
1301,20
9127,38
3322,28
2827,19
8237,39
5237,14
73,2
912,22
1155,22
2240,3
1994,8
9814,3
3909,6
2927,7
14288,65
21862,8
8632,9
9173,108
14829,0
16993,14
4009,13
4613,7
12771,66
368,19
4447,13
534,1
1032,114
4115,15
3949,4
12273,53
4092,1
10209,11
8051,15
2383,32
17703,6
8383,2
889,31
1553,12
3594,1
1885,9
2432,17
4756,16
1387,9
4590,6
3096,21
4258,7
6485,21
27547,2
1742,25
6156,124
2575,3
1579,5
5821,4
2406,36
9402,2
746,26
4825,124
4470,32
6462,17
21118,1
179,30
7175,5
1224,16
9880,2
19532,7
3216,11
2761,13
3116,18
1367,7
11938,1
5446,10
4782,5
703,148
16017,28
5280,11
11274,242
5844,39
5297,18
3139,90
13289,5
1344,26
7836,53
4633,8
1510,33
23156,6
10000,29
10564,30
1244,1
577,3
19389,104
10733,11
7487,4
5154,6
1908,19
4490,24
4513,18
3431,19
136,7
7218,70
9210,1
3259,23
7026,53
3694,4
5366,36
9694,14
3196,14
7773,2
1536,116
5864,22
13524,5
385,9
13916,32
9588,1
932,48
14912,1
434,141
5260,5
989,12
2910,30
1324,58
4321,18
8320,78
242,28
2661,11
7238,6
4925,5
7716,42
9253,4
12044,13
683,15
26565,5
3302,2
13667,6
6634,102
9339,6
10962,1
4384,37
56,13
5011,19
2612,17
199,23
4029,5
4284,15
1865,3
6299,33
1473,5
10670,3
3637,7
348,2
6342,2
24152,40
14457,23
21447,23
2014,2
23113,8
5801,12
4676,2
9396,18
3986,27
9147,6
24052,52
8904,73
10229,57
12150,7
5901,25
11068,56
13475,2
7673,8
8755,12
3345,10
99,5
2263,22
1181,33
27149,208
4968,11
16601,25
12356,8
3866,18
285,17
8775,5
16269,37
16933,153
3202,44
8443,16
3534,24
19850,92
26087,9
17242,20
6760,21
4221,28
5549,32
14371,9
14039,1
7424,8
8752,1
23076,2
4553,3
13066,3
3156,14
4152,28
15227,10
2515,3
2847,32
4507,67
3843,3
8466,14
9130,24
14540,101
3511,39
25114,48
14208,15
1782,8
3033,54
4367,6
9608,3
8274,54
12187,24
2446,3
1118,11
454,40
5031,214
17451,16
1805,34
4344,8
803,5
1141,7
12164,16
3010,7
11500,12
5008,12
1682,28
3674,7
2346,1
8961,13
9625,6
25609,28
7633,6
2987,10
17056,14
4908,26
162,33
7733,1
23548,39
23053,30
6236,7
826,33
17079,2
431,22
1759,122
1636,1
23694,3
849,13
6382,1
12997,23
5054,7
1513,42
19263,38
7109,2
2283,6
7441,19
3279,101
6860,12
5781,13
3611,38
13607,15
5200,2
10109,122
26093,1
18516,20
2200,12
2532,22
22512,8
11082,36
1596,12
9754,19
4215,9
10750,3
2887,6
12373,99
23199,138
2592,46
7988,19
3325,12
8984,7
13312,42
13644,13
6906,12
17637,5
4407,105
3657,141
24364,4
3966,22
5921,61
3720,21
5380,3
2638,2
21032,20
13999,1
14331,28
8675,17
2970,4
25005,3
4699,2
4112,25
14185,25
7693,7
8529,10
28503,20
15768,42
13106,9
3365,29
6614,6
6027,5
1450,64
4012,11
4799,14
5340,77
7006,41
6963,17
3471,14
1012,26
1350,18
7842,2
10896,26
9568,1
909,12
21224,5
18221,17
6322,42
7401,18
6568,22
3073,15
663,6
1745,9
6073,15
5240,75
1304,7
27567,5
12124,3
24321,23
5927,21
13206,1
5775,2
866,56
4779,3
4945,4
7696,9
5443,8
1198,3
13933,20
12937,36
7862,6
8360,15
20431,2
24510,7
2930,19
3760,20
1055,43
4424,7
1221,37
13080,18
3428,7
59,16
8217,1
10922,2
11420,63
3903,5
1078,13
3070,53
3571,7
15473,22
6817,4
5798,2
6843,3
16163,29
10089,80
892,17
2429,13
18745,39
1888,81
1556,18
27524,37
23345,121
6608,12
2695,8
531,22
1533,11
39,6
6531,3
16687,22
4444,4
8695,8
16,4
8672,1
8174,36
5967,64
680,8
3803,27
6133,4
23820,2
580,28
4069,13
6651,9
18725,1
11400,39
2572,8
11228,182
1905,16
9897,6
3405,4
823,8
1931,29
4095,2
5177,65
2595,41
4636,16
7882,16
1390,34
25858,26
5841,2
7464,55
24112,1
13956,16
6694,11
1619,9
23259,11
15848,2
1868,53
15350,7
2117,3
1121,20
1370,14
19180,9
7192,3
2615,46
2366,16
3883,3
8211,7
14746,2
2758,8
19074,20
4430,15
53,13
4928,6
3385,18
743,35
7570,37
5320,5
4238,2
8317,4
23222,5
3056,14
24241,6
1974,8
1384,6
9007,13
1925,20
1035,4
5363,5
786,15
1284,22
5612,2
20013,65
13521,20
5114,5
24341,2
7129,259
2801,34
5463,36
6004,7
20119,7
5506,4
3299,14
7670,39
4965,19
4971,58
1135,170
22326,11
1178,134
6737,41
3491,0
1327,23
4822,25
24049,55
22967,8
12147,80
2658,3
1576,5
6986,63
345,30
12837,128
1427,19
1968,27
2509,96
9001,6
10673,12
7919,7
7378,13
17165,26
18247,7
6949,7
5953,17
1044,31
2372,12
10198,136
2040,12
2704,2
26846,4
6285,12
1376,75
712,9
4625,22
15107,12
4602,32
10221,2
3723,21
4270,19
2727,11
10553,10
26869,10
3938,32
5266,114
497,4
3583,3
3915,22
21559,21
9488,33
9156,5
7164,7
5243,1
4911,2
4579,27
4556,6
4224,13
15462,16
3560,1
2564,92
2773,30
4433,31
3437,65
2896,5
9511,158
16195,20
5790,16
6454,18
5452,20
24430,244
1190,7
3182,7
1854,95
8346,3
188,43
8469,14
6477,6
10344,28
7805,17
7141,37
503,2
5080,8
6408,66
2249,4
11741,181
7490,5
6995,4
2913,10
4416,3
334,10
998,63
10908,2
6826,47
3577,5
1021,4
6849,67
1685,7
1808,4
1562,38
17669,40
2226,38
23079,34
6185,0
898,19
4702,16
15362,95
15113,3
3374,36
374,154
2627,7
16690,27
457,18
8200,12
125,6
3623,5
6872,13
8283,2
1940,4
9219,83
5721,27
65,8
7596,3
7264,7
3268,6
5936,4
9411,13
2332,112
6657,65
12574,15
15067,50
14234,15
25558,26
2687,19
11589,13
4015,5
3019,15
10261,15
20626,30
4642,7
10593,1
24622,1
6122,7
1545,26
5535,3
3520,106
8678,87
15176,10
520,18
2481,6
10012,2
2581,15
420,6
7745,21
1499,23
11486,10
1253,15
171,3
14483,58
13650,10
5435,10
10845,40
566,19
4894,8
23288,24
7058,3
11632,5
11927,6
271,3
16255,3
13796,27
961,10
1293,8
2953,27
5372,8
1459,3
2455,30
7032,10
11111,60
795,3
21190,13
10447,4
9096,7
440,12
8598,18
7885,9
5395,9
2100,9
1934,90
24201,45
5893,204
1602,11
15545,6
9239,17
4496,57
6746,48
2169,87
3829,3
5160,8
23895,84
2833,4
12156,43
8243,4
4164,19
11489,9
3165,22
24058,12
15402,3
1814,76
1101,10
23417,11
7101,10
6560,15
769,13
27782,40
6179,7
5515,7
4519,8
460,6
2126,5
3288,31
12697,28
4539,1
5203,3
4705,1
2790,56
2475,9
11346,13
4682,78
13510,42
8475,4
6846,48
11303,1
5352,19
17795,12
483,12
4141,1
14151,8
25220,33
6577,2
752,4
15900,19
8741,9
4662,2
6726,8
6013,223
4021,21
62,132
5472,23
603,35
23915,20
726,4
15923,37
3480,1
1857,7
1316,129
3849,47
8449,11
15445,20
2959,6
42,112
540,13
4619,15
20520,8
4868,19
3208,157
21041,49
9053,6
15090,12
6434,9
3600,2
8057,9
4227,17
9551,40
13879,180
3102,8
24742,40
1087,6
17652,6
2747,8
5415,32
4582,48
14649,66
20059,84
8661,2
254,2
21980,456
6242,1
6056,8
10384,17
2269,5
25618,5
5060,1
732,11
7679,6
5950,9
8120,13
1628,24
3543,3
5956,10
3537,16
3792,3
5707,92
5309,15
981,52
16627,2
7473,10
5850,89
2020,20
1479,11
9637,3
5807,9
12342,59
3643,0
3494,6
7573,4
5409,11
2412,21
24393,7
1081,49
4084,21
11409,5
4576,3
3394,35
4476,8
689,13
2853,119
5017,17
7181,9
1230,14
1210,7
2538,15
26348,3
9036,1
13613,21
2206,48
1542,189
15273,4
546,9
19186,1
2229,61
1897,13
12594,3
5100,29
12262,19
1565,85
3225,24
28578,34
6096,1
17480,4
22813,3
12734,8
17148,10
1164,47
168,86
11429,4
855,9
7802,2
7138,18
5478,19
1187,8
6806,2
7470,15
12093,10
10556,108
523,7
6142,8
1041,17
12780,12
5618,28
3626,4
2375,3
1688,9
23500,27
9508,2
2352,51
1018,18
354,8
1024,43
8180,3
477,28
9846,12
8844,7
2916,5
14400,4
18900,132
11569,21
25143,3
331,8
3085,7
2939,10
3062,5
14300,4
8349,123
4267,5
2398,10
8890,5
24456,25
9677,29
8472,26
3726,13
10882,4
3457,9
3125,33
12030,16
7453,9
9113,1
7702,9
2876,7
623,8
2544,1
231,10
5887,22
24410,3
268,5
10596,1
3563,16
2438,4
10264,3
16252,2
7098,42
9717,34
8389,11
669,16
1751,5
1997,1
1250,25
2246,3
2083,20
7407,3
7261,30
1310,21
1064,12
10347,33
5933,6
6265,22
2724,4
314,59
13298,53
1456,10
23185,8
16693,125
10450,135
7201,3
3958,7
2037,38
5286,134
2292,7
24519,13
5873,60
5037,14
9614,60
3620,30
3371,2
2684,67
18963,36
6514,18
23832,37
815,44
2143,3
5186,6
22,70
9514,15
1502,10
417,75
7994,17
23139,21
3663,26
3912,9
2976,5
3271,25
2730,1
9468,11
4058,9
18960,1
5681,2
13550,1
1648,7
22020,14
4708,10
18937,2
9783,10
3119,20
6866,3
2621,5
5040,4
2787,18
10945,5
5704,158
21854,3
18439,17
15356,98
8764,13
2266,24
25578,40
1104,2
15213,110
11824,3
414,13
4161,74
82,29
4828,9
3497,27
3168,6
6414,43
251,14
2146,4
4851,2
11134,7
3142,53
9093,4
2478,12
23749,2
1290,5
1788,31
1960,1
6039,15
1954,16
1811,17
12010,19
9305,5
3311,8
23328,13
4018,36
1313,26
4516,2
2003,7
4167,26
8744,31
3995,9
9405,1
4659,168
1170,6
27971,3
7241,18
2644,6
4685,16
10636,5
1439,4
13882,9
5349,12
7390,38
2103,2
7931,5
23202,15
8595,6
7868,25
3291,58
8366,16
7619,42
22369,7
6102,160
5057,10
7762,34
19086,2
102,26
2272,108
7725,74
3397,4
729,12
3895,62
23912,2
12588,74
6992,9
337,16
18731,19
4665,4
1333,14
17898,4
14652,17
2664,1
5661,6
11320,4
6388,23
2023,5
400,22
978,56
4728,2
3646,6
5306,13
13962,34
23663,6
2060,9
45,18
4622,2
543,18
2956,113
6537,6
2707,27
10865,74
8701,2
13527,2
2209,7
9448,25
294,9
2850,31
2856,28
8801,3
1184,16
9342,13
12637,6
13129,4
4479,11
145,5
23955,122
11506,83
1917,8
11655,20
835,7
6245,2
2999,18
2166,2
3099,6
2558,8
6345,2
4181,2
394,5
3640,11
1476,3
15591,72
6394,19
6886,118
11123,8
6214,35
3961,7
380,24
2301,24
4293,4
12119,25
6878,1
3297,31
15368,84
14372,18
15036,3
6546,4
2633,21
10436,48
735,5
1282,9
15391,41
1614,24
7565,7
1946,19
6901,9
71,3
24877,9
2942,25
2278,1
9772,10
426,41
2255,12
2919,5
2587,93
4508,170
19235,2
22816,2
1422,50
927,3
4840,6
6168,53
6500,9
1259,13
6832,12
17074,55
1090,12
13161,2
572,7
2441,5
22507,13
2109,13
1445,30
1568,6
1900,12
5859,40
1113,40
240,57
1777,3
2232,36
22175,70
17097,40
16533,6
3460,17
9039,9
5126,91
6377,14
7041,98
5049,79
10290,1
3134,2
2796,3
5713,3
5149,19
5026,11
526,25
5690,1
4485,36
2819,10
10313,8
21797,3
4362,1
15182,2
18408,55
257,11
2424,27
11077,9
3506,16
14990,15
4834,4
27061,47
19490,30
19736,10
9580,8
8916,16
3675,49
4170,98
4980,4
5521,174
2447,66
21628,26
4857,8
9726,33
25710,5
3529,7
3111,0
15677,59
18362,1
967,20
12374,29
8544,7
2046,91
1299,82
22607,43
1608,10
2733,7
7442,34
3612,39
3065,11
4903,23
1737,27
23543,18
18717,2
9563,3
24754,3
11578,3
2341,28
5922,18
12660,0
24313,79
6669,11
2673,3
2982,7
8392,11
658,75
7396,75
5982,7
1654,3
6277,9
23921,9
363,8
1359,31
31,8
12019,178
23048,114
5381,14
5043,35
16201,10
466,56
14286,52
6709,148
9709,36
3715,10
2487,35
1153,44
4153,5
4694,8
6022,27
13307,5
2925,107
6417,12
8584,14
2092,1
19404,36
7648,30
15763,101
3566,15
3861,2
21173,61
10058,1
297,39
12368,2
2716,6
16613,72
24605,6
2882,53
23111,8
11229,15
11893,21
14432,8
22092,75
6583,4
9829,28
4923,10
177,126
5587,4
2504,19
4568,8
1150,21
6769,5
12769,22
6818,19
6105,11
6228,10
24130,2
10519,6
21425,1
11515,75
3904,9
5109,7
2859,2
9855,95
1883,5
8790,11
2547,19
5962,19
10705,4
3549,5
25936,34
9188,8
2026,21
18846,51
8149,6
10688,9
5819,56
12577,5
11,22
27310,3
2839,3
6085,8
7416,3
3257,8
2175,3
4611,27
6603,44
17472,2
1365,4
23964,46
3357,4
26792,1
13267,28
4631,6
4382,104
1465,25
2461,3
2212,0
4133,1
1963,13
5793,104
1073,4
446,77
2567,11
9102,5
13928,22
1571,3
2069,5
4276,19
6397,25
10725,91
10668,27
3008,15
3337,4
4419,0
6254,14
20320,86
1677,6
4668,3
340,13
18242,1
21253,2
22962,5
1322,19
2945,12
7728,30
22335,77
5023,4
13679,23
3941,12
695,21
881,13
3045,8
13373,7
1136,13
1379,20
7622,2
3051,7
489,3
5856,49
1030,13
4817,10
7479,11
8020,5
2653,15
26463,12
3835,121
15245,41
3002,23
3592,60
5756,35
6589,4
589,8
2753,6
22378,11
3984,13
4525,24
2902,28
1279,14
21296,34
5066,12
6148,26
1820,3
197,58
7230,4
7376,132
2799,44
16862,1
2467,7
18783,33
4459,11
3131,24
2135,1
15202,84
27273,11
6048,7
12285,0
15889,4
2112,36
569,152
24047,13
1780,6
7399,3
3440,16
8727,74
8086,24
26062,79
9251,192
14160,89
4505,28
5169,14
21462,9
10433,43
10224,128
8441,9
10101,4
5146,3
3632,17
15697,2
6211,3
1634,52
4960,15
15703,95
7877,37
2321,24
7190,4
4313,1
5524,15
6188,6
3649,5
14469,6
13018,102
28315,22
7831,9
1093,13
9752,157
1588,30
429,4
7585,6
6334,7
260,4
10834,8
12826,28
2421,2
10439,8
7144,4
5693,3
406,4
1070,16
7685,2
1734,235
4050,8
6457,65
4797,27
220,24
2129,35
9706,1
9623,11
469,2
1548,78
18113,5
17200,2
6374,8
13264,7
114,22
23377,41
1442,2
14887,12
12268,41
10061,80
2427,12
423,6
6672,10
2590,30
3755,6
10997,37
8332,30
5083,3
8982,7
277,12
3068,39
2736,11
1740,82
15265,12
4605,16
68,5
4064,42
3363,70
6958,36
13456,4
2381,92
8873,63
15365,4
10456,6
7794,12
5630,7
7545,92
21170,5
9520,143
366,21
4651,9
6317,6
8186,23
323,28
11684,196
28,16
1010,34
2338,1
1256,12
7748,7
174,3
7253,115
8581,199
10748,5
6566,6
13304,2
74,3
1943,3
1156,4
320,23
615,23
10894,81
1697,39
15783,50
4210,4
11063,3
4565,5
2905,49
7768,18
3569,27
6606,15
12557,24
1505,6
9832,23
5255,5
18153,15
512,7
9497,42
8836,64
1176,25
841,5
14429,16
3191,9
1531,20
4236,6
2195,1
13533,22
5132,11
5375,27
5298,21
3383,77
22444,85
1219,42
2713,33
17369,31
13954,10
22610,24
1462,60
20174,5
1362,9
12016,34
26125,16
7313,22
655,1
6649,11
1319,16
18680,1
3526,12
9852,324
10516,30
1339,14
506,2
2670,24
3503,10
4585,31
3924,96
17990,26
1511,16
2593,12
5939,21
529,6
2152,6
137,22
9789,8
1133,3
5212,3
4714,11
8793,1
13619,51
1880,37
5567,15
5604,2
7774,6
3446,57
12600,21
778,7
13725,7
9895,14
6586,7
2009,15
23320,16
7582,16
3254,15
16238,24
4087,79
3091,9
20403,2
19384,13
990,3
4273,18
8601,10
2650,4
5318,8
5355,2
22630,28
2215,1
21193,11
4628,7
4130,26
300,24
51,138
3881,3
1966,14
10871,3
2364,10
194,56
13184,11
24004,7
9981,35
10473,10
592,23
2507,57
6835,12
1674,96
8166,127
3589,9
8999,11
14409,11
19968,156
5902,51
19427,3
16181,1
3148,8
14017,2
3197,25
9148,2
984,6
10230,7
9131,19
309,10
5218,2
3558,6
16957,4
13044,7
9795,7
7471,18
4577,48
618,3
7116,53
5905,14
14395,29
5241,16
21225,5
14063,13
950,4
8776,5
2516,5
3180,19
18500,18
11169,7
14587,202
20492,2
16579,18
10173,22
21179,12
2871,53
3535,3
3721,14
8298,4
1142,6
6970,39
22954,90
23618,48
22367,13
8968,7
24946,7
1829,6
5032,17
11524,79
1706,24
3034,1
3698,23
827,1
3157,3
7657,6
20346,47
2370,21
13190,4
1491,9
163,8
12188,123
186,4
6260,5
850,2
14249,19
3011,7
6429,8
12921,114
1514,32
11006,117
8421,5
23572,5
996,10
18185,7
7070,25
16439,9
6406,78
1119,3
1783,3
10488,10
332,2
6947,33
2888,15
14295,20
22453,10
7797,3
14627,36
1560,17
5782,13
1952,8
16061,23
3907,21
77,5
4786,13
13940,21
10442,21
2284,12
9423,1
7262,14
4262,35
5341,13
17,14
1345,81
7594,2
23578,3
14000,9
8427,19
5427,8
9755,242
8590,4
1013,1
19642,7
326,5
3326,37
21720,2
3658,8
2330,2
5281,38
10691,24
7408,202
26675,8
3412,19
223,43
18122,5
9964,2
1059,8
810,9
5387,12
2725,3
2138,2
20037,31
2387,20
472,54
1700,28
6366,33
7651,53
2038,4
2825,18
5487,16
1159,16
28504,1
1497,43
9323,5
17335,7
269,16
3761,13
7256,38
23827,20
10256,11
518,72
11092,9
6761,36
1597,2
8089,34
2533,4
5533,33
6615,18
10943,48
1205,7
6320,41
7402,80
1451,75
25009,74
12271,14
22845,5
9025,31
7156,33
24468,17
17976,33
910,16
5135,18
4803,10
724,23
1056,24
558,11
4282,37
415,25
10897,14
10233,12
9735,5
1079,14
11776,58
9071,22
581,1
2075,2
4946,7
2098,15
3263,5
5513,19
2931,11
2430,25
6509,40
8859,45
9904,32
4494,2
10113,40
867,19
7863,3
1912,2
4113,8
5158,2
3572,1
2055,9
23280,2
1557,22
6632,32
23203,349
12632,24
7883,41
14790,19
21288,15
13977,2
6034,15
1534,19
5868,29
23844,8
17352,34
22141,7
34,6
5493,26
13834,18
2596,5
601,10
4096,5
183,1
9921,114
6675,3
17913,18
1414,4
6701,3
3947,6
4660,13
7193,9
23472,36
6652,3
6054,58
7465,24
1726,11
10880,40
5805,3
14710,1
22868,6
12042,0
2224,4
7571,0
2745,16
4239,13
6446,2
7073,3
3243,3
6091,44
7677,50
23993,5
4431,8
20996,190
5258,1
103,161
2367,6
1371,23
289,21
7322,2
8945,36
3990,2
8318,4
10027,5
2808,22
4966,11
10717,37
21537,6
2559,12
638,50
6887,35
11358,117
4325,2
14020,25
7030,2
2659,6
24299,19
11315,19
6489,8
17850,35
3100,21
2851,38
5264,5
5015,12
11756,7
1179,14
8510,147
2261,37
4425,14
1328,19
6197,5
11607,175
2410,9
2951,13
22968,31
787,2
20372,3
5716,144
1803,8
1471,21
21700,5
8301,7
807,6
452,16
6950,5
8942,39
1116,28
7282,6
22055,124
1517,8
1849,17
6927,2
6426,17
11504,16
7090,1
6595,25
7422,3
22078,71
7923,16
22765,30
2490,7
7777,14
5576,5
12523,25
6572,2
1494,9
23552,2
498,31
5244,12
1640,7
4883,15
6549,3
5885,57
8132,3
3555,3
2304,18
1663,18
4534,12
993,11
5862,17
7491,4
2204,7
2868,21
11149,6
3532,7
13688,15
18311,377
20518,4
7096,1
9506,4
5593,3
9088,5
4929,2
4511,1
3183,17
4342,4
3678,9
3014,5
6257,4
18998,3
2496,11
14275,45
4365,1
3037,124
25636,3
9529,11
10548,15
3469,11
3801,12
23283,49
13797,104
5639,19
2141,9
8046,21
6718,5
7299,8
2722,9
1454,18
18766,19
6409,12
25596,74
1786,130
13110,5
16559,7
6612,8
4348,79
4016,7
2344,33
16751,7
1099,25
1262,36
20,79
7013,4
266,19
2095,20
80,13
16064,54
1949,18
1408,10
6326,10
1703,14
2035,35
412,1
10794,62
561,2
17873,16
23535,60
12964,42
6217,37
12128,6
1308,23
2974,15
3223,20
2636,22
6466,114
10800,3
7551,14
11043,11
1995,3
16645,35
8192,3
3864,5
10694,11
3515,76
2928,5
4010,15
1600,62
19499,1
515,2
14335,7
4597,24
5238,24
3615,4
16058,11
5779,3
369,27
2828,4
4697,14
24222,33
4156,6
392,7
10044,5
1554,22
5467,3
4969,9
890,6
13127,3
2407,27
3950,29
1743,24
5112,26
747,3
4116,10
4614,5
27213,117
8905,6
10399,6
913,19
2954,42
12606,62
20930,3
2762,13
2599,4
1766,11
1102,28
7176,11
3426,4
3595,25
6180,59
6841,5
1935,38
21497,24
535,14
8195,2
2785,5
2576,14
2244,9
23183,55
3781,4
3240,9
2476,14
4634,5
6721,12
57,131
555,2
15377,10
11132,12
19788,2
11298,2
8885,103
2719,1
2221,3
10877,2
6698,7
13147,8
8862,5
4657,2
6821,35
7196,26
3993,3
18182,77
7319,10
1368,42
4514,14
14,8
4093,26
5347,36
9503,17
5424,35
2619,7
578,25
3283,12
37,4
16808,4
5988,151
2078,4
1809,7
3054,6
2307,17
18208,4
6635,8
23449,6
3552,69
6386,217
2805,3
17057,10
4571,4
2911,54
15895,15
2413,7
7276,34
7239,42
21434,16
6243,4
1288,14
11567,158
4073,17
23555,60
11106,44
1680,7
349,5
3681,63
8009,37
9005,15
14664,37
9254,3
25321,6
6008,3
1431,13
11404,10
1039,2
27634,7
16273,6
3744,13
2699,20
5945,59
8650,43
11318,132
1225,12
3638,7
25284,2
25035,13
6300,77
3887,12
6051,7
4030,5
15981,13
14358,15
7325,12
5161,3
1872,48
9489,136
23014,3
2015,19
2264,30
15248,42
100,27
3346,5
8507,12
4428,25
24737,67
23904,9
1623,4
9738,81
1033,7
8656,5
2656,2
10820,28
4328,1
7033,7
3246,15
13525,30
23804,60
541,7
2164,36
492,11
